# code<TAB>method<TAB>candidate; reviewed method hints, not ranking
si	cantonese	豉
mrmt	cangjie	豉
mt	quick	豉
soy	english	豉
zzzz	cantonese	支支整整
zzzz	cantonese	專制政治
zzzz	cantonese	整整齊齊
zzzzing	cantonese	支支整整
zzzzing	cantonese	姿姿整整
aac	cangjie	時間表
aac	quick	時間表
aax	cangjie	星巴克
aax	quick	星巴克
aaz	cantonese	啱啱走
abv	english	納姆迪·阿齊基韋國際機場
abx	cangjie	日月暈
abx	quick	日月暈
abz	english	亞伯丁機場
acc	english	科托卡國際機場
acn	cantonese	暗瘡印
acx	cangjie	開金囗
acx	quick	開金囗
acy	english	大西洋城國際機場
ade	english	亞丁國際機場
adj	english	馬爾卡國際機場
adl	english	阿德萊德機場
adx	cangjie	景林邨
adx	quick	景林邨
aex	cangjie	巴洛克
aex	quick	巴洛克
afd	english	艾爾弗雷德港機場
afg	english	阿富汗
afx	cangjie	顯耀邨
afx	quick	顯耀邨
agh	english	赫爾辛堡機場
agz	cantonese	鴨腳扎
ahx	cangjie	明德邨
ahx	quick	明德邨
aii	english	阿里薩比赫機場
aka	english	安康五里鋪機場
akj	english	旭川機場
akl	english	奧克蘭機場
aks	english	奧基機場
aku	english	阿克蘇機場
ala	english	阿拉木圖國際機場
alb	english	阿爾巴尼亞
aln	cangjie	開片
aln	quick	開片
alp	english	阿勒頗國際機場
aly	english	亞歷山大國際機場
amm	english	阿勒婭王后國際機場
ams	english	史基浦機場
anc	english	泰德·史蒂文斯安克拉治國際機場
anq	cangjie	旺角
anq	quick	旺角
anu	english	維爾伯德國際機場
anz	cantonese	啱啱走
aod	cangjie	是但台
aod	quick	是但台
aof	cangjie	時代曲
aof	quick	時代曲
aog	english	鞍山騰鰲機場
aoh	cangjie	是但台
aoh	quick	是但台
aor	english	蘇丹阿都哈林機場
aox	cangjie	時代曲
aox	quick	時代曲
apg	cangjie	日比谷
apg	quick	日比谷
apw	english	法萊奧洛國際機場
apx	cangjie	景怡峯
apx	quick	景怡峯
apz	cantonese	阿婆井
aqg	english	天柱山機場
aqi	cangjie	最抵
aqi	quick	最抵
aqj	english	海珊國王國際機場
aqm	cangjie	最把炮
aqm	quick	最把炮
aqx	cangjie	間奏曲
aqx	quick	間奏曲
arg	english	阿根廷
arn	cangjie	問號
arn	quick	問號
asb	english	薩帕爾穆拉特·尼亞佐夫國際機場
asm	english	阿斯馬拉國際機場
ath	english	雅典國際機場
atj	cangjie	最前面
atj	quick	最前面
atl	english	傑克遜亞特蘭大國際機場
atr	english	阿塔爾國際機場
atx	cangjie	明斯克
atx	quick	明斯克
atz	english	艾斯尤特國際機場
auh	english	阿布達比國際機場
aus	english	澳洲
aut	english	奧地利
avc	cangjie	明細表
avc	quick	明細表
avv	english	愛華隆機場
axd	english	亞歷山德魯波利斯德謨克利特國際機場
axt	english	秋田機場
aya	cangjie	最適合
aya	quick	最適合
ayc	cangjie	時刻表
ayc	quick	時刻表
az	cantonese	區長
aza	cantonese	壓榨
azg	cantonese	歐洲車
azh	cantonese	壓軸戲
azk	cantonese	歐洲車
bap	cangjie	用晒
bap	quick	用晒
bav	english	包頭機場
baz	cantonese	把握住
bbz	cantonese	表表者
bcd	english	描戈律錫萊國際機場
bcn	english	巴塞隆納國際機場
bcz	cantonese	不長進
bdx	cangjie	愛東邨
bdx	quick	愛東邨
bdz	cantonese	不特止
bel	english	比利時
bfs	english	貝爾法斯特國際機場
bfx	cangjie	彩輝邨
bfx	quick	彩輝邨
bhv	cangjie	體制
bhv	quick	體制
bhy	english	北海福成機場
bhz	cantonese	不合作
bii	cangjie	見底
bii	quick	見底
bix	cangjie	彩福邨
bix	quick	彩福邨
bjz	cantonese	不長進
bkv	cangjie	貼大床
bkv	quick	貼大床
bkx	cangjie	貼大床
bkx	quick	貼大床
bkz	cantonese	不規則
blr	english	白俄羅斯
blx	cangjie	彩虹邨
blx	quick	彩虹邨
blz	cantonese	伯利茲
bmx	cangjie	腦震盪
bmx	quick	腦震盪
bmz	cantonese	北美洲
bne	english	布里斯班國際機場
bnx	cangjie	彩盈邨
bnx	quick	彩盈邨
bol	english	玻利維亞
bos	english	羅根國際機場
bqg	cantonese	邊Q個
bqk	cantonese	邊Q個
brs	english	布里斯托國際機場
bru	english	布魯塞爾機場
brx	cangjie	愛民邨
brx	quick	愛民邨
bsb	english	巴西利亞國際機場
bsl	english	巴塞爾歐洲機場
bsr	english	巴斯拉國際機場
bsz	cantonese	不實在
btr	english	紅杖都會機場
btz	cantonese	不特止
buf	english	水牛城尼亞加拉國際機場
bvo	english	巴特爾斯維爾市機場
bwi	english	巴爾的摩華盛頓國際機場
bwn	english	汶萊國際機場
bwx	cangjie	周圍郁
bwx	quick	周圍郁
bwz	cantonese	保衛戰
byz	cantonese	不一致
bz	cantonese	不在
bza	cantonese	保重啊
bzb	cantonese	別注版
bzc	cantonese	不知情
bzd	cantonese	不知道
bze	english	菲臘高遜國際機場
bzf	cantonese	不在乎
bzg	cantonese	不在家
bzh	cantonese	不爭氣
bzi	cantonese	不只
bzj	cantonese	不長進
bzk	cantonese	不在家
bzm	cantonese	不知名
bzn	cantonese	波札那
bzp	cantonese	不續牌
bzs	cantonese	不真實
bzy	cantonese	不在意
bzz	cantonese	不長進
caf	english	中非共和國
cah	english	金甌機場
cai	english	開羅國際機場
caz	cantonese	掌握中
cbr	english	坎培拉國際機場
cbz	cantonese	出版者
ccu	english	內塔吉·蘇巴斯·錢德拉·鮑斯國際機場
ccz	cantonese	中秋節
ceb	english	宿霧麥克坦國際機場
cgk	english	蘇卡諾哈達國際機場
cgn	english	科隆波恩機場
cgq	english	長春龍嘉國際機場
cgx	cangjie	金坪邨
cgx	quick	金坪邨
cgz	cantonese	中過招
chc	english	基督城國際機場
cjj	english	清州國際機場
cju	english	濟州國際機場
cjx	cangjie	頌安邨
cjx	quick	頌安邨
cjz	cantonese	中轉站
ckg	english	重慶江北國際機場
ckz	cantonese	中過招
cle	english	克利夫蘭霍普金斯國際機場
clz	cantonese	出黎做
cmb	english	班達拉奈克國際機場
cmx	cangjie	鏡頭群
cmx	quick	鏡頭群
cmz	cantonese	出茅招
cns	english	凱恩斯國際機場
cnx	english	清邁國際機場
cnz	cantonese	知唔知
cok	english	庫克群島
col	english	哥倫比亞
cos	english	科羅拉多泉機場
coz	cantonese	重案組
cpt	english	開普敦國際機場
crl	english	沙爾勒魯瓦南布魯塞爾機場
crw	english	耶格機場
csx	english	長沙黃花國際機場
cts	english	新千歲機場
ctu	english	成都雙流國際機場
ctz	cantonese	中頭獎
cvg	english	辛辛那堤北肯塔基國際機場
cvq	cangjie	銀絲卷
cvq	quick	銀絲卷
cwz	cantonese	中環站
cyz	cantonese	中二獎
cza	cantonese	自治區
czc	cantonese	請自重
cze	english	捷克
czf	cantonese	處置法
czg	cantonese	出租車
czh	cantonese	知就好
czi	cantonese	七仔
czk	cantonese	出租車
czl	cantonese	出盡力
czm	cantonese	車仔麵
czs	cantonese	中津市
czu	cantonese	出租屋
czx	english	常州奔牛機場
czy	cantonese	塞席爾
czz	cantonese	請自重
daa	cantonese	點呀
dac	english	齊亞國際機場
dal	english	愛田機場
dax	english	達州河市機場
daz	cantonese	大鴉洲
dbi	cangjie	想見我
dbi	quick	想見我
dbz	cantonese	大白象
dca	english	雷根華盛頓國家機場
dcz	cantonese	大清早
ddz	cantonese	大大隻
del	english	英迪拉·甘地國際機場
des	cangjie	東涌
des	quick	東涌
dfw	english	達拉斯沃斯堡國際機場
dfz	cantonese	打發走
dgz	cantonese	大個仔
dhz	cantonese	大學站
djy	cangjie	賴索托
djy	quick	賴索托
djz	cantonese	大作戰
dkx	cangjie	皮夾克
dkx	quick	皮夾克
dkz	cantonese	大個仔
dlc	english	大連周水子國際機場
dlz	cantonese	大陸仔
dmk	english	曼谷國際機場
dmm	english	法赫德國王國際機場
dmq	cantonese	東門薈
dmx	cangjie	東頭邨
dmx	quick	東頭邨
dmz	cantonese	大網仔
dnh	english	敦煌機場
dnz	cantonese	大眼仔
dox	cangjie	想食乜
dox	quick	想食乜
dps	english	伍拉·賴國際機場
dpz	cantonese	大白象
dqa	cangjie	攀折
dqa	quick	攀折
dqc	cantonese	點Q知
dqj	cantonese	點Q知
dqm	cangjie	模擬考
dqm	quick	模擬考
dqs	cantonese	東薈城
dqx	cangjie	格拉茲
dqx	quick	格拉茲
dqz	cantonese	點Q知
drg	cangjie	查號台
drg	quick	查號台
drs	english	德勒斯登機場
drw	english	達爾文國際機場
dsz	cantonese	的士站
dtw	english	底特律都會韋恩縣機場
dtx	cangjie	杏花邨
dtx	quick	杏花邨
dtz	cantonese	大大隻
dud	english	但尼丁國際機場
dur	english	德班國際機場
dus	english	杜塞道夫國際機場
dwz	cantonese	大話精
dxb	english	杜拜國際機場
dz	cantonese	大作
dza	cantonese	多咱
dzb	cantonese	大字報
dzd	cantonese	大狀黨
dze	cantonese	多謝
dzg	cantonese	大政街
dzh	cantonese	大閘蟹
dzi	cantonese	大字
dzj	cantonese	大作戰
dzk	cantonese	大政街
dzl	cantonese	大隻佬
dzm	cantonese	大洲尾
dzn	cantonese	大隻男
dzs	cantonese	大竹市
dzw	cantonese	大中華
dzy	cantonese	大自然
dzz	cantonese	大作戰
ead	cangjie	海景台
ead	quick	海景台
eap	cangjie	清晒
eap	quick	清晒
eax	cangjie	水晶梨
eax	quick	水晶梨
ebl	english	阿爾貝拉國際機場
ebx	cangjie	流眼淚
ebx	quick	流眼淚
edi	english	愛丁堡機場
eex	cangjie	清河邨
eex	quick	清河邨
egx	cangjie	油塘邨
egx	quick	油塘邨
egy	english	埃及
eix	cangjie	洪福邨
eix	quick	洪福邨
ejx	cangjie	渣都冇
ejx	quick	渣都冇
els	english	東倫敦機場
emx	cangjie	海麗邨
emx	quick	海麗邨
enq	cangjie	海角
enq	quick	海角
enx	cangjie	沙角邨
enx	quick	沙角邨
eox	cangjie	漲停板
eox	quick	漲停板
eqe	cangjie	海拔
eqe	quick	海拔
ern	cangjie	法號
ern	quick	法號
etx	cangjie	法蘭克
etx	quick	法蘭克
eux	cangjie	洋山芋
eux	quick	洋山芋
evy	cangjie	演繹出
evy	quick	演繹出
eyo	cangjie	清道夫
eyo	quick	清道夫
eyw	english	基韋斯特國際機場
fbq	cangjie	燒腩卷
fbq	quick	燒腩卷
fbx	cangjie	光脫脫
fbx	quick	光脫脫
fbz	cantonese	非標準
fco	english	羅馬菲烏米奇諾機場
fcz	cantonese	快拆座
fdx	cangjie	耀東邨
fdx	quick	耀東邨
fdz	cantonese	發電站
fem	cangjie	光溜溜
fem	quick	光溜溜
ffz	cantonese	方塊字
fhx	cangjie	尚德邨
fhx	quick	尚德邨
fhz	cantonese	快狠準
fjx	cangjie	耀安邨
fjx	quick	耀安邨
fjz	cantonese	非直接
fks	english	福島機場
fll	english	勞德岱堡好萊塢國際機場
flz	cantonese	發爛渣
fma	english	福爾摩莎國際機場
fmx	cangjie	半天吊
fmx	quick	半天吊
fmz	cantonese	發明者
fnj	english	平壤順安國際機場
fnz	cantonese	訓唔著
foc	english	福州長樂國際機場
fol	cangjie	光合
fol	quick	光合
fqh	cangjie	常青藤
fqh	quick	常青藤
fra	english	法國
frk	cangjie	堂吃
frk	quick	堂吃
fro	english	法羅群島
fru	english	馬納斯國際機場
fsp	english	聖皮耶機場
fsx	cangjie	煩緊乜
fsx	quick	煩緊乜
fsz	cantonese	風水陣
fvx	cangjie	常樂邨
fvx	quick	常樂邨
fz	cantonese	斐濟
fzb	cantonese	非招兵
fzc	cantonese	分組賽
fzd	cantonese	發展到
fze	cantonese	鳳姐
fzf	cantonese	非政府
fzg	cantonese	發展局
fzh	cantonese	犯罪學
fzi	cantonese	法治
fzk	cantonese	發展局
fzl	cantonese	反嘴鷸
fzp	cantonese	火箭炮
fzs	cantonese	發展商
fzt	cantonese	分組賽
fzw	cantonese	發展為
fzy	cantonese	分豬肉
gaq	cangjie	填問卷
gaq	quick	填問卷
gbz	cantonese	柬埔寨
gcn	english	大峽谷國家公園機場
gcq	cantonese	幾錢Q
gcz	cantonese	機場站
gdz	cantonese	過底紙
gfz	cantonese	車房仔
ggx	cangjie	塔吉克
ggx	quick	塔吉克
ggz	cantonese	覺覺豬
ghb	english	總督港機場
ghz	cantonese	機械展
gib	english	直布羅陀機場
gii	cangjie	起底
gii	quick	起底
gix	cangjie	壞底版
gix	quick	壞底版
gjx	cangjie	走定留
gjx	quick	走定留
gjz	cantonese	工作站
gkz	cantonese	覺覺豬
gla	english	格拉斯哥國際機場
gln	cangjie	去片
gln	quick	去片
glz	cantonese	個零鐘
gmp	english	金浦機場
gmx	cangjie	坪石邨
gmx	quick	坪石邨
gmz	cantonese	教務長
gnh	cangjie	賣飛佛
gnh	quick	賣飛佛
gni	english	綠島機場
gol	cangjie	場合
gol	quick	場合
goz	cantonese	關愛座
gpt	cantonese	吉布提
gpz	cantonese	柬埔寨
gqc	cantonese	咁Q似
grk	cangjie	去唱K
grk	quick	去唱K
gsz	cantonese	機心重
gtf	english	大瀑布城國際機場
guz	cantonese	公屋仔
gva	english	日內瓦國際機場
gvm	cangjie	赴約
gvm	quick	赴約
gwz	cantonese	關雲長
gyd	english	蓋達爾·阿利耶夫國際機場
gyz	cantonese	交易者
gz	cantonese	金鐘
gza	cantonese	機詐
gzb	cantonese	經濟部
gzc	cantonese	國際賽
gzd	cantonese	果汁店
gze	cantonese	家姐
gzf	cantonese	交足貨
gzg	cantonese	工匠街
gzh	cantonese	經濟學
gzi	cantonese	個仔
gzj	cantonese	工作站
gzl	cantonese	過主啦
gzm	cantonese	工作面
gzn	cantonese	公主癌
gzp	cantonese	國際牌
gzs	cantonese	工作上
gzt	cantonese	工作天
gzu	cantonese	居酒屋
gzw	cantonese	工作會
gzz	cantonese	工作站
haa	cantonese	肯亞
hac	english	八丈島機場
hah	english	賽義德·易卜拉欣王子國際機場
hav	english	哈瓦那何塞·馬蒂國際機場
hax	cangjie	生日歌
hax	quick	生日歌
haz	cantonese	好奄尖
hba	english	荷巴特國際機場
hbz	cantonese	下北澤
hcn	english	恆春機場
hcz	cantonese	可持續
hdg	english	邯鄲機場
hdx	cangjie	興東邨
hdx	quick	興東邨
hdy	english	合艾國際機場
hdz	cantonese	好大隻
hef	cangjie	生活照
hef	quick	生活照
hel	english	赫爾辛基萬塔機場
het	english	呼和浩特白塔國際機場
hex	cangjie	衝浪板
hex	quick	衝浪板
hfa	english	海法機場
hfe	english	合肥駱崗國際機場
hfx	cangjie	反光板
hfx	quick	反光板
hfz	cantonese	好快摺
hgu	english	芒特哈根機場
hgx	cangjie	千赫茲
hgx	quick	千赫茲
hgz	cantonese	好夠照
hhz	cantonese	好很正
hij	english	廣島機場
hjv	cangjie	後空翻
hjv	quick	後空翻
hjx	cangjie	利安邨
hjx	quick	利安邨
hjy	english	烏干達
hjz	cantonese	好作狀
hkg	english	香港
hki	cangjie	我有我
hki	quick	我有我
hkt	english	布吉國際機場
hkx	cangjie	重有冇
hkx	quick	重有冇
hkz	cantonese	好夠照
hly	english	千里達
hlz	cantonese	好女仔
hmi	english	哈密機場
hmx	cangjie	生死冊
hmx	quick	生死冊
hmz	cantonese	好無助
hna	english	花捲機場
hnx	cangjie	等發霉
hnx	quick	等發霉
hnz	cantonese	好女仔
hox	cangjie	算係乜
hox	quick	算係乜
hoz	cantonese	好惡做
hph	english	吉悲機場
hpu	cangjie	我怪你
hpu	quick	我怪你
hqe	cangjie	自拔
hqe	quick	自拔
hqj	cantonese	好Q正
hqz	cantonese	好Q正
hrb	english	哈爾濱太平國際機場
hre	english	哈拉雷國際機場
hrk	english	哈爾科夫國際機場
hsu	cangjie	我忍你
hsu	quick	我忍你
hsz	cantonese	好想知
hti	cangjie	我驚我
hti	quick	我驚我
htn	english	和田機場
htu	cangjie	我養你
htu	quick	我養你
htx	cangjie	興華邨
htx	quick	興華邨
htz	cantonese	好大隻
hun	english	花蓮機場
hux	cangjie	禾輋邨
hux	quick	禾輋邨
hvx	cangjie	和樂邨
hvx	quick	和樂邨
hwx	cangjie	白田邨
hwx	quick	白田邨
hwz	cantonese	好運滯
hyd	english	拉吉夫·甘地國際機場
hyz	cantonese	好現像
hza	cantonese	好正呀
hzb	cantonese	好自卑
hzc	cantonese	好作狀
hzd	cantonese	好值得
hze	cantonese	可借
hzg	english	漢中機場
hzh	cantonese	好中肯
hzi	cantonese	好字
hzj	cantonese	好作狀
hzk	cantonese	好壯觀
hzl	cantonese	好正路
hzm	cantonese	好節目
hzo	cantonese	后座
hzs	cantonese	可接受
hzt	cantonese	好值得
hzw	cantonese	好正喎
hzy	cantonese	好在有
hzz	cantonese	好作狀
iad	english	華盛頓杜勒斯國際機場
iag	english	尼亞加拉瀑布國際機場
iah	english	喬治·布希洲際機場
ial	cangjie	永星里
ial	quick	永星里
ias	english	雅西國際機場
iax	cangjie	良景邨
iax	quick	良景邨
ibz	english	伊維薩機場
icn	english	仁川國際機場
idx	cangjie	福來邨
idx	quick	福來邨
iei	cangjie	廣泛
iei	quick	廣泛
iev	english	基輔國際機場
igu	english	伊瓜蘇瀑布國際機場
igx	cangjie	祖堯邨
igx	quick	祖堯邨
ihx	cangjie	廣告歌
ihx	quick	廣告歌
ikt	english	伊爾庫次克機場
ilz	english	日利納機場
inc	english	銀川河東機場
ind	english	印第安納波利斯國際機場
inu	english	諾魯國際機場
ipl	cangjie	禮頓里
ipl	quick	禮頓里
ips	cangjie	為乜
ips	quick	為乜
iqm	english	且末機場
irl	english	愛爾蘭
irq	english	伊拉克
isj	cangjie	戒緊J
isj	quick	戒緊J
isl	english	冰島
itm	english	大阪國際機場
ito	english	希洛國際機場
iue	english	紐埃國際機場
iwx	cangjie	廣田邨
iwx	quick	廣田邨
izo	english	出雲機場
jax	english	傑克遜維爾國際機場
jaz	cantonese	掌握中
jbz	cantonese	自閉症
jdx	cangjie	完整版
jdx	quick	完整版
jdz	cantonese	長短週
jfk	english	甘迺迪國際機場
jfy	cangjie	真光里
jfy	quick	真光里
jfz	cantonese	真犯賤
jhg	english	西雙版納嘎灑機場
jhz	cantonese	最下賤
jii	cangjie	家底
jii	quick	家底
jjn	english	泉州晉江機場
jjx	cangjie	安定邨
jjx	quick	安定邨
jkx	cangjie	轆架床
jkx	quick	轆架床
jkz	cantonese	在其中
jlx	cangjie	老襯亭
jlx	quick	老襯亭
jlz	cantonese	就呢摺
jmz	cantonese	這麼著
jnb	english	坦博國際機場
jno	cangjie	事務局
jno	quick	事務局
jnu	english	朱諾國際機場
jnz	cantonese	就呢摺
joz	cantonese	重案組
jpn	english	日本
jqi	cangjie	直抵
jqi	quick	直抵
jro	english	吉力馬扎羅國際機場
jrs	english	耶路撒冷國際機場
jsl	cangjie	索馬里
jsl	quick	索馬里
jsy	cangjie	索馬里
jsy	quick	索馬里
jsz	cantonese	尖沙咀
jtz	cantonese	中頭獎
jux	cangjie	南山邨
jux	quick	南山邨
juz	cantonese	租屋住
jvx	cangjie	家維邨
jvx	quick	家維邨
jwx	cangjie	老母板
jwx	quick	老母板
jwz	cantonese	中環站
jyn	cangjie	真亮
jyn	quick	真亮
jyz	cantonese	中二獎
jz	cantonese	在在
jza	cantonese	這咱
jzb	cantonese	政戰部
jzd	cantonese	真真哋
jze	cantonese	作者
jzf	cantonese	政治犯
jzi	cantonese	中指
jzl	cantonese	在這裡
jzm	cantonese	著作物
jzs	cantonese	在之上
jzt	cantonese	站站停
jzy	cantonese	這陣兒
kaz	english	哈薩克
kbn	cangjie	九肚坑
kbn	quick	九肚坑
kbs	english	博城機場
kbx	cangjie	友愛邨
kbx	quick	友愛邨
kbz	cantonese	柬埔寨
kca	english	庫車機場
kch	english	古晉國際機場
kcq	cantonese	幾錢Q
kdh	english	堪達哈國際機場
kdx	cangjie	狂想曲
kdx	quick	狂想曲
kdz	cantonese	過底紙
kef	english	凱夫拉維克國際機場
kfz	cantonese	車房仔
kgl	english	基加利國際機場
kgx	cangjie	大埔滘
kgx	quick	大埔滘
kgz	cantonese	覺覺豬
khg	english	喀什機場
khh	english	高雄國際機場
khn	english	南昌昌北國際機場
khx	cangjie	大興邨
khx	quick	大興邨
kii	cangjie	加底
kii	quick	加底
kix	english	關西國際機場
kjh	cangjie	大士台
kjh	quick	大士台
kji	english	喀納斯機場
kkx	cangjie	大大隻
kkx	quick	大大隻
kkz	cantonese	覺覺豬
klz	cantonese	個零鐘
kmb	english	九巴
kmg	english	昆明巫家壩國際機場
kmi	english	宮崎機場
kmj	english	熊本機場
kmo	cangjie	有頭家
kmo	quick	有頭家
kmq	english	小松飛行場
kmx	cangjie	大元邨
kmx	quick	大元邨
kmz	cantonese	間唔中
knh	english	金門機場
knx	cangjie	大陸劇
knx	quick	大陸劇
koj	english	鹿兒島機場
kom	cangjie	有保留
kom	quick	有保留
kor	english	南韓
kow	english	贛州黃金機場
kox	cangjie	有保留
kox	quick	有保留
koz	cantonese	關愛座
kps	cangjie	有乜
kps	quick	有乜
kpz	cantonese	柬埔寨
krk	english	克拉科夫若望保祿二世國際機場
krl	english	庫爾勒機場
krt	english	喀土穆國際機場
krx	cangjie	大啖
krx	quick	大啖
kry	english	克拉瑪依機場
kso	cangjie	大騙局
kso	quick	大騙局
ksx	cangjie	大刀屻
ksx	quick	大刀屻
ksz	cantonese	機心重
kul	english	吉隆坡國際機場
kun	english	考納斯機場
kuv	english	群山機場
kuz	cantonese	公屋仔
kvl	cangjie	大鄉里
kvl	quick	大鄉里
kvy	cangjie	大鄉里
kvy	quick	大鄉里
kwe	english	貴陽龍洞堡國際機場
kwi	english	科威特國際機場
kwj	english	光州機場
kwl	english	桂林兩江國際機場
kwx	cangjie	九因歌
kwx	quick	九因歌
kyd	english	蘭嶼機場
kz	cantonese	金鐘
kza	cantonese	喬治亞
kzb	cantonese	經濟部
kzc	cantonese	國際賽
kzd	cantonese	果汁店
kze	cantonese	家姐
kzf	cantonese	國際化
kzg	cantonese	工匠街
kzh	cantonese	經濟學
kzi	cantonese	個仔
kzl	cantonese	過主啦
kzm	cantonese	工作面
kzn	english	喀山國際機場
kzp	cantonese	國際牌
kzs	cantonese	工作上
kzt	cantonese	工作天
kzu	cantonese	居酒屋
kzw	cantonese	工作會
las	english	麥卡倫國際機場
lbz	cantonese	聯邦制
lcx	english	龍岩冠豸山機場
ldz	cantonese	利東站
lej	english	萊比錫·哈雷機場
lep	cangjie	費洛蒙
lep	quick	費洛蒙
lex	english	藍草機場
lfz	cantonese	樂富站
lgk	english	蘭卡威國際機場
lgw	english	格域機場
lhr	english	倫敦希斯路機場
lhx	cangjie	順利邨
lhx	quick	順利邨
ljg	english	麗江三義機場
ljx	cangjie	順安邨
ljx	quick	順安邨
lkz	cantonese	了解中
llf	english	零陵機場
llx	cangjie	串串貢
llx	quick	串串貢
llz	cantonese	利尿劑
lmq	cangjie	數碼背
lmq	quick	數碼背
lmz	cantonese	落馬洲
lnq	cangjie	北角
lnq	quick	北角
lnx	cangjie	北角邨
lnx	quick	北角邨
lnz	cantonese	利尿劑
los	english	穆塔拉·穆罕默德國際機場
lou	cangjie	背住你
lou	quick	背住你
lpl	english	利物浦約翰藍儂機場
lpz	cantonese	老婆仔
lqk	cantonese	亂Q咁
lqy	cangjie	襯托出
lqy	quick	襯托出
lsx	cangjie	被騎劫
lsx	quick	被騎劫
lsz	cantonese	理事長
ltq	cangjie	背對背
ltq	quick	背對背
ltu	english	立陶宛
ltz	cantonese	利東站
lux	english	盧森堡
lwz	cantonese	羅湖站
lxa	english	拉薩貢嘎機場
lyg	english	連雲港白塔埠機場
lyx	cangjie	中文版
lyx	quick	中文版
lyz	cantonese	你又知
lz	cantonese	了債
lza	cantonese	爐渣
lzb	cantonese	女主播
lzc	cantonese	路政署
lzd	cantonese	龍珠島
lze	cantonese	來者
lzf	cantonese	連續犯
lzg	cantonese	荔枝角
lzh	cantonese	你就好
lzi	cantonese	來自
lzk	cantonese	荔枝角
lzm	cantonese	黎做乜
lzn	english	馬祖南竿機場
lzs	cantonese	你就想
lzt	cantonese	呢張圖
lzw	cantonese	你就話
lzy	english	林芝米林機場
maj	english	馬紹爾群島國際機場
maz	cantonese	未嘔住
mbz	cantonese	未必知
mci	english	堪薩斯市國際機場
mct	english	馬斯喀特國際機場
mcz	cantonese	沒進展
mdc	english	薩姆·拉圖蘭吉機場
mdg	english	牡丹江海浪機場
mdx	cangjie	下格床
mdx	quick	下格床
mdz	cantonese	無大志
mel	english	墨爾本國際機場
mex	english	墨西哥
mfz	cantonese	無化妝
mgz	cantonese	文具展
mhe	cangjie	天后
mhe	quick	天后
mhl	english	馬紹爾群島
mhx	cangjie	不得已
mhx	quick	不得已
mhz	cantonese	無限制
mia	english	邁阿密國際機場
mii	cangjie	到底
mii	quick	到底
mjx	cangjie	現實版
mjx	quick	現實版
mjz	cantonese	文縐縐
mko	cangjie	不在家
mko	quick	不在家
mkx	cangjie	碌架床
mkx	quick	碌架床
mkz	cantonese	文具展
mle	english	馬累國際機場
mmb	english	女滿別機場
mmk	english	莫曼斯克機場
mmv	cangjie	不一致
mmv	quick	不一致
mmx	cangjie	正到暈
mmx	quick	正到暈
mmz	cantonese	無名指
mnz	cantonese	無能者
moc	cangjie	不代表
moc	quick	不代表
mox	cangjie	一隻屐
mox	quick	一隻屐
mpx	cangjie	天恆邨
mpx	quick	天恆邨
mqa	cangjie	面折
mqa	quick	面折
mqu	cangjie	理撚你
mqu	quick	理撚你
mra	cangjie	電路板
mra	quick	電路板
mro	cangjie	正呀喂
mro	quick	正呀喂
mrx	cangjie	電路板
mrx	quick	電路板
msc	cangjie	一覽表
msc	quick	一覽表
msj	english	三澤飛行場
msp	english	明尼阿波利斯聖保羅國際機場
msq	english	明斯克國際機場
msx	cangjie	三聖邨
msx	quick	三聖邨
msy	english	路易阿姆斯壯紐奧良國際機場
msz	cantonese	文史哲
mtx	cangjie	天華邨
mtx	quick	天華邨
muc	english	慕尼黑弗朗茨·約瑟夫·施特勞斯機場
mux	english	木爾坦國際機場
mvx	cangjie	硬紙板
mvx	quick	硬紙板
mwx	cangjie	天恩邨
mwx	quick	天恩邨
mxp	english	米蘭馬爾彭薩國際機場
myj	english	松山機場
myz	cantonese	文員仔
mz	cantonese	文章
mza	cantonese	密集區
mzb	cantonese	萬丈布
mzc	cantonese	沒進展
mze	cantonese	無遮
mzf	cantonese	無著褲
mzg	english	馬公機場
mzi	cantonese	文字
mzj	cantonese	文縐縐
mzk	cantonese	無資格
mzl	cantonese	明宙樓
mzm	cantonese	望就望
mzn	cantonese	望住我
mzp	cantonese	美洲豹
mzs	cantonese	無著衫
mzy	cantonese	文字獄
mzz	cantonese	文縐縐
nao	english	南充高坪機場
nax	cangjie	限量版
nax	quick	限量版
nay	english	南苑機場
nbo	english	喬莫·肯亞塔國際機場
nbz	cantonese	內變焦
ncz	cantonese	年長者
ndz	cantonese	我都知
nfz	cantonese	樂富站
ngb	english	寧波櫟社國際機場
ngp	cantonese	外交部
ngs	english	長崎機場
ngz	cantonese	南極洲
nhx	cangjie	建生邨
nhx	quick	建生邨
njc	english	下瓦爾托夫斯克機場
njz	cantonese	年長者
nkm	english	名古屋機場
nkz	cantonese	我個仔
nlt	english	那拉提機場
nlz	cantonese	內亂罪
nmx	cangjie	久不久
nmx	quick	久不久
nmz	cantonese	外賣仔
nng	english	南寧吳圩機場
nnx	cangjie	鱷魚淚
nnx	quick	鱷魚淚
nny	english	南陽姜營機場
nnz	cantonese	我偶像
nph	english	多蒙特
npj	english	外蒙古
nqf	cangjie	小規模
nqf	quick	小規模
nrk	cangjie	小吃
nrk	quick	小吃
nrn	cangjie	小號
nrn	quick	小號
nrt	english	成田國際機場
nrx	cangjie	小喇叭
nrx	quick	小喇叭
nso	cangjie	發展局
nso	quick	發展局
nsz	cantonese	女事主
ntg	english	南通興東機場
ntx	cangjie	發羊吊
ntx	quick	發羊吊
nux	cangjie	象山邨
nux	quick	象山邨
nwv	cangjie	子母床
nwv	quick	子母床
nwx	cangjie	子母床
nwx	quick	子母床
nwz	cantonese	呆壞賬
nyf	cangjie	小夜曲
nyf	quick	小夜曲
nyx	cangjie	小夜曲
nyx	quick	小夜曲
nyz	cantonese	你又知
nza	cantonese	我知呀
nzd	cantonese	外置電
nze	cantonese	挪借
nzf	cantonese	外祖父
nzg	cantonese	我自己
nzj	cantonese	年長者
nzk	cantonese	我自己
nzl	english	紐西蘭
nzm	cantonese	外祖母
nzn	cantonese	我知我
nzs	cantonese	我走先
nzw	cantonese	我就話
nzy	cantonese	我鍾意
nzz	cantonese	年長者
oap	cangjie	無晒
oap	quick	無晒
oax	cangjie	入門版
oax	quick	入門版
obi	cangjie	你同我
obi	quick	你同我
ocz	cantonese	岸舟舟
ods	english	敖德薩國際機場
odx	cangjie	雙格床
odx	quick	雙格床
ofz	cantonese	樂富站
ogx	cangjie	內地劇
ogx	quick	內地劇
ogz	cantonese	愛國者
ohx	cangjie	伯利茲
ohx	quick	伯利茲
ohz	cantonese	愛好者
oit	english	大分機場
oix	cangjie	舞台劇
oix	quick	舞台劇
ojx	cangjie	候車亭
ojx	quick	候車亭
ojz	cantonese	岸舟舟
oka	english	那霸機場
okj	english	岡山機場
okx	cangjie	你有冇
okx	quick	你有冇
okz	cantonese	愛國者
olm	english	奧林匹亞機場
omx	cangjie	售票亭
omx	quick	售票亭
omz	cantonese	外賣仔
ooh	cangjie	人仔台
ooh	quick	人仔台
oox	cangjie	雙人床
oox	quick	雙人床
ooz	cangjie	任食z
ooz	quick	任食z
opi	cangjie	你怪我
opi	quick	你怪我
ops	cangjie	無乜
ops	quick	無乜
opx	cangjie	做乜柒
opx	quick	做乜柒
opz	cantonese	阿婆井
oqi	cangjie	你搵我
oqi	quick	你搵我
oqx	cangjie	伊拉克
oqx	quick	伊拉克
org	cangjie	信號台
org	quick	信號台
orm	cangjie	你別管
orm	quick	你別管
orx	cangjie	合唱曲
orx	quick	合唱曲
osx	cangjie	做緊乜
osx	quick	做緊乜
ovb	cangjie	人奶
ovb	quick	人奶
ovm	cangjie	會約
ovm	quick	會約
oyi	cangjie	你話我
oyi	quick	你話我
ozc	cantonese	岸舟舟
ozd	cantonese	外置電
oze	cantonese	阿姐
ozf	cantonese	外祖父
ozg	cantonese	愛自己
ozi	cantonese	愛滋
ozj	cantonese	岸舟舟
ozk	cantonese	愛自己
ozm	cantonese	外祖母
ozs	cantonese	安中市
ozt	cantonese	愛字頭
ozy	cantonese	愛知縣
ozz	cantonese	岸舟舟
pap	cangjie	慢晒
pap	quick	慢晒
pbi	english	棕櫚灘國際機場
pbz	cantonese	白報紙
pcf	cangjie	情慾照
pcf	quick	情慾照
pcz	cantonese	被辭職
pdz	cantonese	被叮走
pes	cantonese	pe衫
pfs	cantonese	比方說
pfz	cantonese	白化症
pgl	cantonese	比基尼
pgn	cantonese	比基尼
pgo	cangjie	情報局
pgo	quick	情報局
pgz	cantonese	被告席
pjx	cangjie	乜都冇
pjx	quick	乜都冇
pkc	cantonese	比卡超
pkd	cangjie	心郁郁
pkd	quick	心郁郁
pkl	cantonese	比基尼
pkx	cangjie	心郁郁
pkx	quick	心郁郁
pkz	cantonese	被告席
pls	cantonese	比利時
plz	cantonese	伯利茲
pms	cantonese	比唔上
pmu	cangjie	憎死你
pmu	quick	憎死你
pmz	cantonese	平面洲
pns	cantonese	比唔上
pob	cangjie	必修
pob	quick	必修
pol	english	波蘭
poz	cantonese	平安鐘
ppx	cangjie	乜乜乜
ppx	quick	乜乜乜
pqa	cangjie	包撞板
pqa	quick	包撞板
pqh	cangjie	必打佛
pqh	quick	必打佛
pqx	cangjie	包撞板
pqx	quick	包撞板
prn	cangjie	句號
prn	quick	句號
psb	cantonese	比薩餅
psf	cantonese	必修科
psg	cantonese	必殺技
pso	cantonese	比數
psu	cantonese	必須
psx	cangjie	忙緊乜
psx	quick	忙緊乜
psz	cantonese	被選中
pvg	english	上海浦東國際機場
pyz	cantonese	便宜仔
pzf	cantonese	被仔飛
pzg	cantonese	被整蠱
pzk	cantonese	被整蠱
qal	cangjie	打關斗
qal	quick	打關斗
qap	cangjie	掃晒
qap	quick	掃晒
qcx	cangjie	打鐵屻
qcx	quick	打鐵屻
qen	cangjie	打沉
qen	quick	打沉
qep	cangjie	排泄
qep	quick	排泄
qhg	cangjie	手術台
qhg	quick	手術台
qhh	cangjie	手術台
qhh	quick	手術台
qhx	cangjie	控制板
qhx	quick	控制板
qia	cangjie	換底板
qia	quick	換底板
qib	cantonese	拍肩膀
qii	cangjie	打底
qii	quick	打底
qix	cangjie	換底板
qix	quick	換底板
qja	cangjie	手寫板
qja	quick	手寫板
qji	cangjie	捷克
qji	quick	捷克
qjn	cangjie	捷克
qjn	quick	捷克
qjx	cangjie	手寫版
qjx	quick	手寫版
qkx	cangjie	操大隻
qkx	quick	操大隻
qmo	cangjie	提琴家
qmo	quick	提琴家
qmx	cangjie	青石板
qmx	quick	青石板
qnv	cangjie	拖延
qnv	quick	拖延
qou	cangjie	打俾你
qou	quick	打俾你
qpf	cangjie	抒情曲
qpf	quick	抒情曲
qpq	cangjie	攪切榨
qpq	quick	攪切榨
qps	cangjie	搞乜
qps	quick	搞乜
qpx	cangjie	打怪獸
qpx	quick	打怪獸
qqe	cangjie	提拔
qqe	quick	提拔
qqf	cangjie	手指模
qqf	quick	手指模
qqi	cangjie	提提我
qqi	quick	提提我
qqx	cangjie	打手板
qqx	quick	打手板
qrf	cangjie	奏鳴曲
qrf	quick	奏鳴曲
qrx	cangjie	奏鳴曲
qrx	quick	奏鳴曲
qtd	cangjie	打對台
qtd	quick	打對台
qtg	cangjie	打對台
qtg	quick	打對台
qth	cangjie	打對台
qth	quick	打對台
qvy	cangjie	推斷出
qvy	quick	推斷出
qwi	cangjie	拎畀我
qwi	quick	拎畀我
qwx	cangjie	奏國歌
qwx	quick	奏國歌
rba	cangjie	踏腳板
rba	quick	踏腳板
rbx	cangjie	雖然冇
rbx	quick	雖然冇
rep	english	吳哥國際機場
rfi	cangjie	咪煩我
rfi	quick	咪煩我
rgn	english	仰光國際機場
rhv	cangjie	跳制
rhv	quick	跳制
rix	english	里加國際機場
rjx	cangjie	咩都冇
rjx	quick	咩都冇
rkl	cangjie	跳九里
rkl	quick	跳九里
rkx	cangjie	唔奇丫
rkx	quick	唔奇丫
rky	cangjie	跳九里
rky	quick	跳九里
rmq	english	台中清泉崗機場
rmx	cangjie	唔敢郁
rmx	quick	唔敢郁
rnq	cangjie	號角
rnq	quick	號角
rou	english	羅馬尼亞
rox	cangjie	單人床
rox	quick	單人床
rps	cangjie	嗡乜
rps	quick	嗡乜
rpx	cangjie	唔慌唔
rpx	quick	唔慌唔
rrc	cangjie	呢吓
rrc	quick	呢吓
rrn	cangjie	別號
rrn	quick	別號
rtx	cangjie	哈薩克
rtx	quick	哈薩克
ruo	cangjie	踢出局
ruo	quick	踢出局
rus	english	俄羅斯
ryj	cangjie	呢方面
ryj	quick	呢方面
saz	cantonese	小鴉洲
sbb	cantonese	生BB
sbz	cantonese	上報紙
scl	english	阿圖羅·梅里諾·貝尼特斯准將國際機場
scz	cantonese	時裝展
sda	english	巴格達國際機場
sdj	english	仙台機場
sdk	english	山打根機場
sdx	cangjie	翠林邨
sdx	quick	翠林邨
sen	english	塞內加爾
sez	english	塞席爾國際機場
sfo	english	舊金山國際機場
sfz	cantonese	說謊者
sgn	english	新山一國際機場
sgp	english	新加坡
sgx	cangjie	馬坑邨
sgx	quick	馬坑邨
sgz	cantonese	時間軸
shm	english	南紀白濱機場
shz	cantonese	心口針
sjj	english	塞拉耶佛國際機場
sjw	english	石家莊正定機場
sjx	cangjie	長宏邨
sjx	quick	長宏邨
sjz	cantonese	時裝展
skz	cantonese	時間軸
slk	english	鹽湖城國際機場
slz	cantonese	心理戰
smz	cantonese	生埋仔
snv	cangjie	展延
snv	quick	展延
snx	cangjie	長發邨
snx	quick	長發邨
sou	english	南安普敦機場
sox	cangjie	忍住唔
sox	quick	忍住唔
sqs	cantonese	笑Q死
sqx	cangjie	長青邨
sqx	quick	長青邨
srb	english	塞爾維亞
ssg	english	馬拉博聖伊莎貝爾機場
ssx	cangjie	翠屏邨
ssx	quick	翠屏邨
ssz	cantonese	上手照
stl	english	聖路易蘭伯特國際機場
stn	english	倫敦斯坦斯特德機場
suz	cantonese	新屋仔
svk	english	斯洛伐克
svo	english	舍列梅季耶夫國際機場
svx	cangjie	翠樂邨
svx	quick	翠樂邨
swe	english	瑞典
sxb	english	史特拉斯堡機場
sxf	english	柏林舍內費爾德機場
sxj	english	鄯善機場
sxm	english	茱莉安娜公主國際機場
syr	english	敘利亞
syx	english	三亞鳳凰國際機場
syz	cantonese	所有者
sz	cantonese	山寨
sza	cantonese	城中區
szb	cantonese	生煎包
szc	cantonese	上戰場
szd	cantonese	所在地
szf	cantonese	手續費
szg	english	薩爾斯堡機場
szh	cantonese	生殖器
szj	cantonese	時裝展
szk	cantonese	上酒家
szl	cantonese	小精靈
szm	cantonese	手指模
szp	cantonese	生招牌
szs	cantonese	上長沙
szw	cantonese	上章圍
szx	english	深圳寶安國際機場
szy	cantonese	塞席爾
szz	cantonese	時裝展
tae	english	大邱國際機場
tas	english	塔什干國際機場
taz	cantonese	大鴉洲
tbx	cangjie	塑膠板
tbx	quick	塑膠板
tbz	cantonese	大白象
tcz	cantonese	大清早
tdx	cangjie	美東邨
tdx	quick	美東邨
tdz	cantonese	大大隻
tex	cangjie	葵涌邨
tex	quick	葵涌邨
tfn	english	北特內里費機場
tfs	english	南特內里費機場
tgz	cantonese	大個仔
tha	english	泰國
thr	english	梅赫拉巴德國際機場
thx	cangjie	葵興邨
thx	quick	葵興邨
thz	cantonese	大學站
tia	english	地拉那國際機場
tid	cangjie	黃麻
tid	quick	黃麻
tix	cangjie	慈康邨
tix	quick	慈康邨
tjk	english	塔吉克
tjx	cangjie	華富邨
tjx	quick	華富邨
tjy	cangjie	萊索托
tjy	quick	萊索托
tjz	cantonese	大作戰
tkm	english	土庫曼
tkz	cantonese	大個仔
tls	english	東帝汶
tlv	english	本·古里安國際機場
tlz	cantonese	大陸仔
tmm	cantonese	大MM
tmr	cangjie	對面
tmr	quick	對面
tmx	cangjie	華爾茲
tmx	quick	華爾茲
tmz	cantonese	大網仔
tna	english	濟南遙牆國際機場
tnn	english	台南機場
tnq	cangjie	對角
tnq	quick	對角
tnx	cangjie	黃飛鴻
tnx	quick	黃飛鴻
tnz	cantonese	大眼仔
tpx	cangjie	華心邨
tpx	quick	華心邨
tpz	cantonese	大白象
tqa	cangjie	對折
tqa	quick	對折
tqf	cangjie	前奏曲
tqf	quick	前奏曲
tqx	cangjie	前奏曲
tqx	quick	前奏曲
trk	cangjie	難吃
trk	quick	難吃
trn	cangjie	對號
trn	quick	對號
trx	cangjie	華員邨
trx	quick	華員邨
tsa	english	台北松山機場
tsn	english	天津濱海國際機場
tsx	cangjie	蘇屋邨
tsx	quick	蘇屋邨
ttj	english	鳥取機場
ttx	cangjie	華荔邨
ttx	quick	華荔邨
ttz	cantonese	大大隻
tus	english	土桑國際機場
tvg	cangjie	歡樂谷
tvg	quick	歡樂谷
tvj	cangjie	農經系
tvj	quick	農經系
tvm	cangjie	前幾次
tvm	quick	前幾次
tvs	english	唐山三女河機場
tvx	cangjie	慈樂邨
tvx	quick	慈樂邨
twx	cangjie	美田邨
twx	quick	美田邨
twz	cantonese	大話精
txn	english	黃山屯溪機場
tyn	english	太原武宿機場
tzb	cantonese	大字報
tzd	cantonese	大狀黨
tzg	cantonese	大政街
tzh	cantonese	大閘蟹
tzj	cantonese	大作戰
tzk	cantonese	大政街
tzl	cantonese	大隻佬
tzm	cantonese	大洲尾
tzn	cantonese	大隻男
tzs	cantonese	大竹市
tzw	cantonese	大中華
tzy	cantonese	大自然
tzz	cantonese	大作戰
ubj	english	山口宇部機場
ucz	cantonese	屋村仔
uef	cangjie	出浴照
uef	quick	出浴照
uga	english	烏干達
ujb	cangjie	山寮溪
ujb	quick	山寮溪
ujx	cangjie	山寨版
ujx	quick	山寨版
ukr	english	烏克蘭
uln	english	烏蘭巴托成吉思汗國際機場
urc	english	烏魯木齊地窩堡國際機場
ush	english	烏斯懷亞國際機場
usn	english	蔚山機場
utx	cangjie	峰華邨
utx	quick	峰華邨
uux	cangjie	岌岌貢
uux	quick	岌岌貢
uz	cantonese	屋主
uzb	english	烏茲別克
vaj	cangjie	裝門面
vaj	quick	裝門面
vca	english	芹苴國際機場
vce	english	威尼斯泰塞拉機場
vcl	english	茱萊機場
vcq	cangjie	幾錢Q
vcq	quick	幾錢Q
vcs	english	崑崙機場
vdh	cangjie	如來佛
vdh	quick	如來佛
vdx	cangjie	幻想曲
vdx	quick	幻想曲
vej	cangjie	經濟系
vej	quick	經濟系
vel	cangjie	樂淘里
vel	quick	樂淘里
vhf	cangjie	統御
vhf	quick	統御
vii	english	榮機場
vjx	cangjie	樂富邨
vjx	quick	樂富邨
vkg	english	迪石機場
vko	english	伏努科沃國際機場
vkx	cangjie	好大隻
vkx	quick	好大隻
vld	cangjie	收費台
vld	quick	收費台
vli	english	維拉港國際機場
vmx	cangjie	好耐冇
vmx	quick	好耐冇
vno	english	維爾紐斯國際機場
vnt	english	文茨皮爾斯機場
vox	cangjie	紀念冊
vox	quick	紀念冊
vpu	cangjie	好心你
vpu	quick	好心你
vqx	cangjie	好折墮
vqx	quick	好折墮
vrk	english	瓦爾考斯機場
vst	english	斯德哥爾摩韋斯特羅斯機場
vte	english	瓦岱國際機場
vvj	cangjie	幾好J
vvj	quick	幾好J
vvo	english	海參崴國際機場
vvx	cangjie	幾好丫
vvx	quick	幾好丫
waj	cangjie	黑暗面
waj	quick	黑暗面
waw	english	華沙蕭邦機場
waz	cantonese	汪阿姐
wbx	cangjie	黑瞇擝
wbx	quick	黑瞇擝
wbz	cantonese	黃埔站
wcz	cantonese	會展站
wdz	cantonese	玩到盡
wef	english	濰坊機場
weh	english	威海大水泊機場
wex	cangjie	田灣邨
wex	quick	田灣邨
wfi	english	菲亞納蘭楚阿機場
wfz	cantonese	違犯者
wgz	cantonese	會咁做
whr	cangjie	國稅局
whr	quick	國稅局
whx	cangjie	男兒淚
whx	quick	男兒淚
wix	cangjie	四神獸
wix	quick	四神獸
wju	english	原州機場
wjz	cantonese	會展站
wke	cangjie	里奇蒙
wke	quick	里奇蒙
wkj	english	稚內機場
wku	cantonese	回顧
wkz	cantonese	會咁做
wlg	english	威靈頓國際機場
wls	english	馬塔烏圖機場
wlz	cantonese	話你知
wmh	cangjie	四面佛
wmh	quick	四面佛
wmu	cangjie	點到你
wmu	quick	點到你
wmz	cantonese	黃尾嶼
wnb	cangjie	果子狸
wnb	quick	果子狸
wnh	english	文山普者黑機場
wnz	english	溫州永強國際機場
wou	cangjie	點信你
wou	quick	點信你
wox	cangjie	點會冇
wox	quick	點會冇
woz	cantonese	汪阿姐
wpl	cantonese	回報率
wps	cantonese	回報率
wpz	cantonese	黃埔站
wqm	cangjie	點投資
wqm	quick	點投資
wsz	cantonese	和尚洲
wtz	cantonese	和頭酒
wua	english	烏海機場
wuh	english	武漢天河國際機場
wux	english	蘇南碩放國際機場
wuz	english	梧州長洲島機場
wvm	cangjie	里約
wvm	quick	里約
wvs	cangjie	圍剿
wvs	quick	圍剿
wwl	cangjie	回回
wwl	quick	回回
wxn	english	萬州五橋機場
wyl	cangjie	國旗
wyl	quick	國旗
wyn	cangjie	點亮
wyn	quick	點亮
wyx	cangjie	母夜叉
wyx	quick	母夜叉
wyz	cantonese	會員證
wz	cantonese	灣仔
wza	cantonese	灣仔區
wzb	cantonese	核聚變
wzc	cantonese	黃竹涌
wzd	cantonese	灣仔道
wze	cantonese	或者
wzf	cantonese	胡椒粉
wzg	cantonese	華梓徑
wzi	cantonese	灣仔
wzj	cantonese	會展站
wzk	cantonese	話之佢
wzl	cantonese	話之你
wzm	cantonese	污糟貓
wzn	cantonese	話之你
wzp	cantonese	灣仔排
wzs	cantonese	黃竹山
wzw	cantonese	話就話
wzz	cantonese	會展站
xfn	english	襄陽劉集機場
xic	english	西昌青山機場
xil	english	錫林浩特機場
xiy	english	西安咸陽國際機場
xmn	english	廈門高崎國際機場
xnn	english	西寧曹家堡機場
xoz	cantonese	XO醬
xrk	cangjie	難吃
xrk	quick	難吃
xsd	cantonese	X世代
xsp	english	實里達機場
xuz	english	徐州觀音機場
xya	english	揚迪納機場
xzm	english	澳門外港直昇機場
yab	english	北極灣機場
yag	english	弗朗西斯堡市立機場
yax	cangjie	主題曲
yax	quick	主題曲
ybp	english	宜賓菜壩機場
ybx	cangjie	試用版
ybx	quick	試用版
ybz	cantonese	有幫助
ycu	english	運城張孝機場
ycx	cangjie	記分板
ycx	quick	記分板
ycz	cantonese	一支箭
ydv	cangjie	上格床
ydv	quick	上格床
ydx	cangjie	上格床
ydx	quick	上格床
ydz	cantonese	一大早
yeo	cangjie	上酒家
yeo	quick	上酒家
yex	cangjie	通渠泵
yex	quick	通渠泵
ygj	english	美保飛行場
ygx	cangjie	處境劇
ygx	quick	處境劇
ygz	cantonese	一個字
yhm	english	約翰·卡爾·芒羅哈密爾頓國際機場
yhx	cangjie	進行曲
yhx	quick	進行曲
yhz	english	哈利法克斯羅伯特·洛恩·斯坦菲爾德國際機場
yie	english	阿爾山機場
yih	english	宜昌三峽機場
yiw	english	義烏機場
yjz	cantonese	一支箭
yka	english	甘露機場
ykv	cangjie	高架床
ykv	quick	高架床
ykx	cangjie	高架床
ykx	quick	高架床
ykz	cantonese	一個字
ylz	cantonese	一粒鐘
ymr	cangjie	上面
ymr	quick	上面
ymx	english	蒙特婁米拉貝勒國際機場
ymz	cantonese	有咩做
ynt	english	煙台萊山國際機場
ynx	cangjie	新發邨
ynx	quick	新發邨
ynz	english	鹽城機場
yoo	english	奧沙華機場
yow	english	渥太華麥克唐納卡蒂埃國際機場
yoz	cantonese	音樂節
ypq	english	彼得堡機場
ypx	cangjie	高怡邨
ypx	quick	高怡邨
yqb	english	魁北克讓·勒薩熱國際機場
yqf	cangjie	上手照
yqf	quick	上手照
yqy	cantonese	有Q用
yra	cangjie	這咱
yra	quick	這咱
yrl	cangjie	卡路里
yrl	quick	卡路里
yrn	cangjie	逗號
yrn	quick	逗號
ysx	cangjie	講緊乜
ysx	quick	講緊乜
ysz	cantonese	有水準
yty	english	揚州泰州機場
ytz	english	比利·畢曉普多倫多市機場
yul	english	蒙特婁皮埃爾·埃利奧特·特魯多國際機場
yus	english	玉樹巴塘機場
yve	english	弗農區域機場
yvf	cangjie	交響曲
yvf	quick	交響曲
yvj	cangjie	交響曲
yvj	quick	交響曲
yvr	english	溫哥華國際機場
yvx	cangjie	交響曲
yvx	quick	交響曲
ywg	english	溫尼伯詹姆斯·阿姆斯特朗·理查森國際機場
ywx	cangjie	龍田邨
ywx	quick	龍田邨
ywz	cantonese	一獲粥
yxe	english	薩克屯約翰·喬治·迪芬貝克國際機場
yxs	english	喬治皇子城機場
yxu	english	倫敦國際機場
yxx	english	亞博斯福國際機場
yxy	english	埃里克·尼爾森懷特霍斯國際機場
yyc	english	卡加利國際機場
yyf	english	彭蒂克頓區域機場
yyj	english	維多利亞國際機場
yyt	english	聖約翰斯國際機場
yyz	english	多倫多皮爾遜國際機場
yza	cantonese	人渣
yzb	cantonese	有進步
yzd	cantonese	一直都
yze	cantonese	一姐
yzg	cantonese	一直講
yzh	cantonese	一陣去
yzi	cantonese	一字
yzj	cantonese	一支箭
yzk	cantonese	一直講
yzl	cantonese	有著落
yzm	cantonese	一字馬
yzp	cantonese	一字批
yzs	cantonese	一直想
yzw	cantonese	一席話
yzy	cantonese	一種緣
yzz	cantonese	一支箭
zaa	cantonese	正呀
zac	cantonese	擠暗瘡
zag	english	薩格勒布機場
zah	cantonese	正呀
zas	cantonese	做阿四
zaw	cantonese	正呀喂
zbf	cantonese	正版貨
zbg	cantonese	資本家
zbh	cantonese	在背後
zbj	cantonese	自閉症
zbk	cantonese	資本家
zbm	cantonese	遮蔽物
zbn	cantonese	資本額
zbo	cantonese	中部
zbp	cantonese	最把炮
zbs	cantonese	自白書
zbw	cantonese	坐不穩
zby	cantonese	這邊兒
zbz	cantonese	自閉症
zca	cantonese	自治區
zcb	cantonese	正臭八
zcm	cantonese	知醜未
zcs	cantonese	在之上
zct	cantonese	正柒頭
zcw	cantonese	之前話
zda	cantonese	責打
zdb	cantonese	自動波
zdc	cantonese	自動車
zdd	cantonese	知多啲
zdf	cantonese	自動化
zdh	cantonese	之但係
zdj	cantonese	長短週
zdk	cantonese	就到期
zdl	cantonese	長達路
zdm	cantonese	知道無
zdn	cantonese	整電腦
zdo	cantonese	借刀
zds	cantonese	這東西
zdt	cantonese	自動吞
zdw	cantonese	正到暈
zdy	cantonese	就得人
zdz	cantonese	長短週
zfb	cantonese	中發白
zfe	cantonese	齋啡
zff	cantonese	醉薰薰
zfg	cantonese	正福街
zfh	cantonese	正方向
zfj	cantonese	真犯賤
zfk	cantonese	正福街
zfm	cantonese	祖父母
zfn	cantonese	祝福你
zfo	cantonese	真貨
zfp	cantonese	中發白
zfs	cantonese	政府山
zfy	cantonese	正方形
zfz	cantonese	真犯賤
zga	cantonese	自家
zgb	cantonese	自己爆
zgc	english	蘭州中川機場
zgd	cantonese	中間道
zgf	cantonese	就結婚
zgg	cantonese	中階機
zgh	cantonese	長腳蟹
zgk	cantonese	中階機
zgl	cantonese	在家裏
zgm	cantonese	中國夢
zgo	cantonese	將軍澳
zgp	cantonese	中間派
zgs	cantonese	中間市
zgw	cantonese	真既話
zha	english	湛江機場
zhb	cantonese	就開波
zhc	cantonese	自行車
zhd	cantonese	之後點
zhf	cantonese	在下方
zhg	cantonese	就係咁
zhh	cantonese	真航空
zhj	cantonese	最下賤
zhk	cantonese	就係咁
zhl	cantonese	中學路
zhm	cantonese	在下面
zhn	cantonese	最後諗
zho	cantonese	自豪
zhs	cantonese	就係想
zhw	cantonese	只係話
zhy	english	中衛沙坡頭機場
zhz	cantonese	最下賤
zic	cantonese	竹葉青
zja	cantonese	這咱
zjb	cantonese	政戰部
zjd	cantonese	中咗毒
zje	cantonese	作者
zjf	cantonese	著咗火
zji	cantonese	中指
zjl	cantonese	在這裡
zjm	cantonese	著作物
zjo	cantonese	自組
zjs	cantonese	在之上
zjt	cantonese	站站停
zju	cantonese	就住
zjy	cantonese	這陣兒
zka	cantonese	自家
zkb	cantonese	自己爆
zkc	cantonese	在其中
zkd	cantonese	中間道
zke	cantonese	座騎
zkf	cantonese	就結婚
zkg	cantonese	中階機
zki	cantonese	自己
zkj	cantonese	在其中
zkk	cantonese	中階機
zkl	cantonese	在家裏
zkm	cantonese	中國夢
zko	cantonese	將軍澳
zkp	cantonese	中間派
zks	cantonese	中間市
zkw	cantonese	真既話
zkz	cantonese	在其中
zla	cantonese	敘利亞
zlb	cantonese	中聯辦
zld	cantonese	就黎得
zlf	cantonese	資料庫
zlg	cantonese	資料夾
zlh	cantonese	在樓下
zli	cantonese	竹籬
zlj	cantonese	就呢摺
zlk	cantonese	資料卡
zlm	cantonese	在裏面
zln	cantonese	走了眼
zlo	cantonese	中路
zls	cantonese	中壢市
zlt	cantonese	就黎得
zly	cantonese	就黎完
zlz	cantonese	就呢摺
zmb	cantonese	中文版
zmc	cantonese	這麼著
zmd	cantonese	這麼多
zmf	cantonese	中文科
zmg	cantonese	這麼個
zmh	cantonese	再唔係
zmj	cantonese	這麼著
zmk	cantonese	這麼個
zml	cantonese	重未諗
zmm	cantonese	中文名
zmn	cantonese	重未諗
zms	cantonese	最唔想
zmy	cantonese	這麼樣
zmz	cantonese	這麼著
znb	cantonese	中南部
znc	cantonese	在眼前
znd	cantonese	著眼點
znf	cantonese	整唔番
zng	cantonese	中午
znh	cantonese	中南海
zni	cantonese	接你
znj	cantonese	就呢摺
znk	cantonese	知你勁
znl	cantonese	在那裡
znm	cantonese	重唔買
zno	cantonese	主腦
zns	cantonese	自撚獅
znz	cantonese	就呢摺
zoa	cantonese	早安呀
zof	cantonese	賺外快
zog	cantonese	長樂街
zoj	cantonese	重案組
zol	cantonese	最惡劣
zon	cantonese	在案
zos	cantonese	長樂市
zow	cantonese	正啊喂
zoz	cantonese	重案組
zpb	cantonese	在旁邊
zpd	cantonese	長牌墩
zpf	cantonese	中片幅
zps	cantonese	自白書
zrh	english	蘇黎世機場
zsb	cantonese	中性筆
zsc	cantonese	在深處
zsd	cantonese	資訊道
zse	cantonese	這些
zsf	cantonese	中晒伏
zsg	cantonese	這些個
zsh	cantonese	中小學
zsi	cantonese	中士
zsj	cantonese	尖沙咀
zsk	cantonese	中小企
zsl	cantonese	就是了
zsm	cantonese	資訊網
zso	cantonese	自訴
zsp	cantonese	謝晒皮
zss	cantonese	鑽石山
zsw	cantonese	長沙灣
zsz	cantonese	尖沙咀
ztb	cantonese	自動波
ztd	cantonese	做得到
ztf	cantonese	自動化
ztg	cantonese	自動車
ztj	cantonese	中頭獎
ztk	cantonese	中提琴
ztn	cantonese	中青年
ztt	cantonese	自動吞
ztw	cantonese	中臺灣
zty	cantonese	就得人
ztz	cantonese	中頭獎
zuc	cantonese	鐘屋村
zud	cantonese	張屋地
zuh	english	珠海金灣機場
zuj	cantonese	租屋住
zuz	cantonese	租屋住
zwa	cantonese	中華
zwc	cantonese	長宏邨
zwd	cantonese	中華隊
zwg	cantonese	最惠國
zwh	cantonese	只會係
zwj	cantonese	中環站
zwk	cantonese	最惠國
zwl	cantonese	最惡劣
zwn	cantonese	再搵你
zwp	cantonese	自慰捧
zws	cantonese	中衛市
zww	cantonese	執委會
zwy	cantonese	就話要
zwz	cantonese	中環站
zya	cantonese	中央區
zyb	cantonese	作業簿
zyd	cantonese	在野黨
zye	cantonese	在野
zyf	cantonese	自由化
zyg	cantonese	中英街
zyh	cantonese	在一起
zyi	english	遵義新舟機場
zyj	cantonese	中二獎
zyk	cantonese	中央區
zyl	cantonese	這一來
zym	cantonese	中英文
zyp	cantonese	自由派
zys	cantonese	中央市
zyt	cantonese	中移動
zyu	cantonese	在於
zyw	cantonese	自以為
zyy	cantonese	中醫院
zyz	cantonese	中二獎
zz	cantonese	在在
zza	cantonese	這咱
zzb	cantonese	政戰部
zzd	cantonese	真真哋
zze	cantonese	作者
zzf	cantonese	政治犯
zzi	cantonese	中指
zzl	cantonese	在這裡
zzm	cantonese	著作物
zzs	cantonese	在之上
zzt	cantonese	站站停
zzy	cantonese	這陣兒
